clouds_on_shape,raster
45.62749645452372,S2B_MSIL1C_20211203T141729_N0301_R010_T20JLL_20211203T174302_cba.TIF
89.00624414078435,S2B_MSIL1C_20171124T142029_N0206_R010_T20JLL_20171124T192400_cba.TIF
37.477434141515594,S2A_MSIL1C_20210919T141741_N0301_R010_T20JLL_20210919T192515_cba.TIF
0.0,S2B_MSIL1C_20190826T142039_N0208_R010_T20JLL_20190826T191521_cba.TIF
0.0,S2A_MSIL1C_20210711T141741_N0301_R010_T20JLL_20210711T173946_cba.TIF
99.12827554328346,S2A_MSIL1C_20191010T141741_N0208_R010_T20JLL_20191010T174125_cba.TIF
0.3315844352612551,S2A_MSIL1C_20191119T141741_N0208_R010_T20JLL_20191119T173848_cba.TIF
99.95830140956268,S2B_MSIL1C_20220122T141729_N0301_R010_T20JLL_20220122T172738_cba.TIF
36.67181987962683,S2B_MSIL1C_20181109T142039_N0207_R010_T20JLL_20181109T193659_cba.TIF
0.0,S2A_MSIL1C_20191129T141731_N0208_R010_T20JLL_20191129T173806_cba.TIF
0.0,S2A_MSIL1C_20200527T141741_N0209_R010_T20JLL_20200527T191839_cba.TIF
100.0,S2A_MSIL1C_20190304T142031_N0207_R010_T20JLL_20190304T174117_cba.TIF
29.80592696217078,S2A_MSIL1C_20180428T142041_N0206_R010_T20JLL_20180428T174250_cba.TIF
0.0,S2A_MSIL1C_20201223T141731_N0209_R010_T20JLL_20201223T175035_cba.TIF
0.0,S2B_MSIL1C_20181010T142039_N0206_R010_T20JLL_20181010T193957_cba.TIF
0.0,S2B_MSIL1C_20220402T141729_N0400_R010_T20JLL_20220402T175126_cba.TIF
0.0,S2B_MSIL1C_20200212T141649_N0209_R010_T20JLL_20200212T174151_cba.TIF
16.104737839881484,S2B_MSIL1C_20200422T141729_N0209_R010_T20JLL_20200422T192005_cba.TIF
0.0,S2B_MSIL1C_20191005T142039_N0208_R010_T20JLL_20191005T160433_cba.TIF
25.60345125907665,S2B_MSIL1C_20210127T141739_N0209_R010_T20JLL_20210127T175528_cba.TIF
0.18602300202605354,S2A_MSIL1C_20220206T141741_N0400_R010_T20JLL_20220206T192656_cba.TIF
0.0,S2B_MSIL1C_20180523T142039_N0206_R010_T20JLL_20180523T192205_cba.TIF
10.079925691013601,S2B_MSIL1C_20210914T141729_N0301_R010_T20JLL_20210914T174654_cba.TIF
0.0,S2A_MSIL1C_20210909T141741_N0301_R010_T20JLL_20210909T174052_cba.TIF
29.37835591054423,S2A_MSIL1C_20171109T142041_N0206_R010_T20JLL_20171109T160349_cba.TIF
3.5617298072266177,S2B_MSIL1C_20191114T141739_N0208_R010_T20JLL_20191114T173935_cba.TIF
3.044012760426331,S2A_MSIL1C_20200308T141731_N0209_R010_T20JLL_20200308T174034_cba.TIF
23.889455987631038,S2A_MSIL1C_20210929T141741_N0301_R010_T20JLL_20210929T174634_cba.TIF
28.78300401155159,S2A_MSIL1C_20200217T141651_N0209_R010_T20JLL_20200217T174153_cba.TIF
0.0,S2A_MSIL1C_20181224T142031_N0207_R010_T20JLL_20181224T173645_cba.TIF
98.82724084513946,S2A_MSIL1C_20180627T142041_N0206_R010_T20JLL_20180627T185637_cba.TIF
0.0,S2A_MSIL1C_20180826T142041_N0206_R010_T20JLL_20180826T181055_cba.TIF
100.0,S2A_MSIL1C_20200328T141731_N0209_R010_T20JLL_20200328T185640_cba.TIF
0.0,S2B_MSIL1C_20220102T141729_N0301_R010_T20JLL_20220102T174400_cba.TIF
100.0,S2B_MSIL1C_20200113T141649_N0208_R010_T20JLL_20200113T173835_cba.TIF
0.0,S2A_MSIL1C_20200507T141741_N0209_R010_T20JLL_20200507T174023_cba.TIF
21.093818383613566,S2B_MSIL1C_20210517T141739_N0300_R010_T20JLL_20210517T174457_cba.TIF
0.0,S2A_MSIL1C_20200118T141651_N0208_R010_T20JLL_20200118T173857_cba.TIF
0.0,S2A_MSIL1C_20180905T142031_N0206_R010_T20JLL_20180905T175440_cba.TIF
33.60806174836255,S2A_MSIL1C_20190930T142041_N0208_R010_T20JLL_20190930T174240_cba.TIF
0.0,S2A_MSIL1C_20170821T142041_N0205_R010_T20JLL_20170821T143004_cba.TIF
40.15037172500476,S2B_MSIL1C_20210815T141739_N0301_R010_T20JLL_20210815T174023_cba.TIF
0.0,S2A_MSIL1C_20180816T142041_N0206_R010_T20JLL_20180816T194745_cba.TIF
0.0,S2B_MSIL1C_20200202T141649_N0208_R010_T20JLL_20200202T173819_cba.TIF
0.0,S2B_MSIL1C_20180821T142029_N0206_R010_T20JLL_20180821T194406_cba.TIF
0.07553661294391266,S2B_MSIL1C_20190118T142039_N0207_R010_T20JLL_20190118T173726_cba.TIF
1.6610225596733763,S2A_MSIL1C_20181005T142031_N0206_R010_T20JLL_20181005T175452_cba.TIF
0.0,S2B_MSIL1C_20180202T142029_N0206_R010_T20JLL_20180202T191444_cba.TIF
0.0,S2A_MSIL1C_20170103T142022_N0204_R010_T20JLL_20170103T142642_cba.TIF
0.0,S2A_MSIL1C_20170212T142031_N0204_R010_T20JLL_20170212T142031_cba.TIF
0.0,S2B_MSIL1C_20211014T141739_N0301_R010_T20JLL_20211014T175015_cba.TIF
0.0,S2B_MSIL1C_20211123T141729_N0301_R010_T20JLL_20211123T171857_cba.TIF
0.0,S2B_MSIL1C_20210206T141739_N0209_R010_T20JLL_20210206T175304_cba.TIF
0.0,S2B_MSIL1C_20190925T142039_N0208_R010_T20JLL_20190925T174412_cba.TIF
0.0,S2B_MSIL1C_20171104T142029_N0206_R010_T20JLL_20171104T191711_cba.TIF
75.93613961871861,S2A_MSIL1C_20210313T141741_N0209_R010_T20JLL_20210313T175244_cba.TIF
75.38242367615588,S2B_MSIL1C_20210308T141739_N0209_R010_T20JLL_20210308T175106_cba.TIF
0.0,S2A_MSIL1C_20190523T142041_N0207_R010_T20JLL_20190523T174157_cba.TIF
0.0,S2A_MSIL1C_20191209T141731_N0208_R010_T20JLL_20191209T173854_cba.TIF
0.0,S2A_MSIL1C_20190403T142041_N0207_R010_T20JLL_20190403T173723_cba.TIF
0.0,S2B_MSIL1C_20180712T142039_N0206_R010_T20JLL_20180712T192200_cba.TIF
16.20135079632094,S2A_MSIL1C_20200108T141701_N0208_R010_T20JLL_20200108T173844_cba.TIF
100.0,S2B_MSIL1C_20190319T142039_N0207_R010_T20JLL_20190319T192132_cba.TIF
0.0,S2B_MSIL1C_20210924T141739_N0301_R010_T20JLL_20210924T174645_cba.TIF
0.0,S2A_MSIL1C_20180607T142041_N0206_R010_T20JLL_20180607T174621_cba.TIF
44.286157868702524,S2A_MSIL1C_20180518T142041_N0206_R010_T20JLL_20180518T174802_cba.TIF
52.27260449583774,S2A_MSIL1C_20171020T142041_N0205_R010_T20JLL_20171020T142058_cba.TIF
0.0005637060667456168,S2B_MSIL1C_20190528T142049_N0207_R010_T20JLL_20190528T174220_cba.TIF
62.1032938128405,S2A_MSIL1C_20190622T142041_N0207_R010_T20JLL_20190622T173919_cba.TIF
0.0,S2B_MSIL1C_20190408T142039_N0207_R010_T20JLL_20190408T174012_cba.TIF
5.685836900731518,S2B_MSIL1C_20201218T141729_N0209_R010_T20JLL_20201218T174954_cba.TIF
0.7331467153082368,S2B_MSIL1C_20171224T142029_N0206_R010_T20JLL_20171224T205836_cba.TIF
7.396293350758114,S2B_MSIL1C_20190108T142039_N0207_R010_T20JLL_20190108T174311_cba.TIF
16.304336763014994,S2A_MSIL1C_20220117T141741_N0301_R010_T20JLL_20220117T174559_cba.TIF
50.36577477405956,S2A_MSIL1C_20210102T141741_N0209_R010_T20JLL_20210102T175036_cba.TIF
0.0,S2B_MSIL1C_20210716T141739_N0301_R010_T20JLL_20210716T174350_cba.TIF
0.0,S2B_MSIL1C_20180920T142029_N0206_R010_T20JLL_20180920T193621_cba.TIF
5.568288527313204,S2B_MSIL1C_20210706T141739_N0301_R010_T20JLL_20210706T174224_cba.TIF
0.0,S2B_MSIL1C_20200731T141739_N0209_R010_T20JLL_20200731T174853_cba.TIF
0.0,S2A_MSIL1C_20181204T142031_N0207_R010_T20JLL_20181204T173805_cba.TIF
4.338689010722472,S2A_MSIL1C_20181104T142031_N0206_R010_T20JLL_20181104T174548_cba.TIF
0.1080123457892018,S2A_MSIL1C_20170930T142031_N0205_R010_T20JLL_20170930T142935_cba.TIF
61.67296686488765,S2A_MSIL1C_20170513T142041_N0205_R010_T20JLL_20170513T142040_cba.TIF
35.493345371589555,S2B_MSIL1C_20180123T142029_N0206_R010_T20JLL_20180123T173411_cba.TIF
28.489751588829037,S2B_MSIL1C_20181129T142039_N0207_R010_T20JLL_20181129T174013_cba.TIF
0.0,S2A_MSIL1C_20190920T142041_N0208_R010_T20JLL_20190920T173852_cba.TIF
0.0,S2B_MSIL1C_20220201T141729_N0400_R010_T20JLL_20220201T171833_cba.TIF
0.0,S2B_MSIL1C_20190428T142049_N0207_R010_T20JLL_20190428T173750_cba.TIF
25.113120932019083,S2B_MSIL1C_20210606T141739_N0300_R010_T20JLL_20210606T174544_cba.TIF
71.8007449375672,S2A_MSIL1C_20210221T141741_N0209_R010_T20JLL_20210223T110117_cba.TIF
18.328542614691088,S2B_MSIL1C_20220112T141729_N0301_R010_T20JLL_20220112T174313_cba.TIF
0.0,S2A_MSIL1C_20180319T142031_N0206_R010_T20JLL_20180319T174257_cba.TIF
0.0,S2A_MSIL1C_20201103T141741_N0209_R010_T20JLL_20201103T175221_cba.TIF
8.070845952128515,S2B_MSIL1C_20210825T141739_N0301_R010_T20JLL_20210825T174914_cba.TIF
0.2887114571848801,S2B_MSIL1C_20180930T142029_N0206_R010_T20JLL_20180930T192130_cba.TIF
0.0,S2A_MSIL1C_20190831T142041_N0208_R010_T20JLL_20190831T173846_cba.TIF
91.7310113654104,S2A_MSIL1C_20180207T142031_N0206_R010_T20JLL_20180207T205209_cba.TIF
0.0,S2B_MSIL1C_20180811T142029_N0206_R010_T20JLL_20180811T194747_cba.TIF
63.80089463284493,S2A_MSIL1C_20210422T141731_N0300_R010_T20JLL_20210422T174409_cba.TIF
14.288210698295586,S2A_MSIL1C_20201024T141741_N0209_R010_T20JLL_20201024T174501_cba.TIF
0.5336887186914128,S2B_MSIL1C_20200820T141739_N0209_R010_T20JLL_20200820T175042_cba.TIF
0.0,S2B_MSIL1C_20200919T141739_N0209_R010_T20JLL_20200919T175434_cba.TIF
0.0,S2A_MSIL1C_20211009T141741_N0301_R010_T20JLL_20211009T174410_cba.TIF
99.96036833180742,S2A_MSIL1C_20170403T142031_N0204_R010_T20JLL_20170403T142033_cba.TIF
7.468134557264472,S2B_MSIL1C_20180602T142039_N0206_R010_T20JLL_20180602T174131_cba.TIF
2.539245294659339,S2B_MSIL1C_20200402T141729_N0209_R010_T20JLL_20200402T173854_cba.TIF
97.24499620829377,S2A_MSIL1C_20170712T142041_N0205_R010_T20JLL_20170712T142710_cba.TIF
2.920263620273814,S2B_MSIL1C_20191104T141739_N0208_R010_T20JLL_20191104T173850_cba.TIF
0.0,S2B_MSIL1C_20171214T142029_N0206_R010_T20JLL_20171214T173517_cba.TIF
0.4430729684620548,S2B_MSIL1C_20200512T141739_N0209_R010_T20JLL_20200512T174001_cba.TIF
0.0,S2B_MSIL1C_20210427T141729_N0300_R010_T20JLL_20210427T173949_cba.TIF
0.8497399201134552,S2A_MSIL1C_20190423T142041_N0207_R010_T20JLL_20190423T174054_cba.TIF
72.47305837317248,S2B_MSIL1C_20200830T141739_N0209_R010_T20JLL_20200830T174914_cba.TIF
0.0,S2B_MSIL1C_20201019T141739_N0209_R010_T20JLL_20201019T174241_cba.TIF
0.0,S2A_MSIL1C_20210611T141741_N0300_R010_T20JLL_20210611T174515_cba.TIF
0.0,S2B_MSIL1C_20200323T141739_N0209_R010_T20JLL_20200323T192000_cba.TIF
0.008815736543827285,S2A_MSIL1C_20190602T142041_N0207_R010_T20JLL_20190602T174119_cba.TIF
98.60210290548198,S2B_MSIL1C_20180722T142039_N0206_R010_T20JLL_20180722T192508_cba.TIF
0.0,S2B_MSIL1C_20200601T141739_N0209_R010_T20JLL_20200601T174004_cba.TIF
0.0,S2A_MSIL1C_20210512T141741_N0300_R010_T20JLL_20210512T173951_cba.TIF
0.0,S2A_MSIL1C_20200914T141741_N0209_R010_T20JLL_20200914T175310_cba.TIF
0.0,S2A_MSIL1C_20180329T142041_N0206_R010_T20JLL_20180329T174533_cba.TIF
16.31872692621886,S2B_MSIL1C_20190717T142049_N0208_R010_T20JLL_20190717T185630_cba.TIF
10.68785136699504,S2A_MSIL1C_20190222T142031_N0207_R010_T20JLL_20190222T174002_cba.TIF
89.32594377313838,S2B_MSIL1C_20220313T141739_N0400_R010_T20JLL_20220313T175322_cba.TIF
0.6142047352249116,S2B_MSIL1C_20211113T141739_N0301_R010_T20JLL_20211113T174207_cba.TIF
100.0,S2A_MSIL1C_20190811T142041_N0208_R010_T20JLL_20190811T174010_cba.TIF
0.0,S2B_MSIL1C_20201009T141739_N0209_R010_T20JLL_20201009T174954_cba.TIF
0.0,S2A_MSIL1C_20200616T141741_N0209_R010_T20JLL_20200616T174040_cba.TIF
0.0,S2B_MSIL1C_20200929T141739_N0209_R010_T20JLL_20200929T175129_cba.TIF
7.602155674633243,S2B_MSIL1C_20191214T141729_N0208_R010_T20JLL_20191214T173905_cba.TIF
0.0,S2A_MSIL1C_20190702T142041_N0207_R010_T20JLL_20190702T173809_cba.TIF
0.0,S2A_MSIL1C_20201123T141741_N0209_R010_T20JLL_20201123T174301_cba.TIF
100.0,S2A_MSIL1C_20190123T142031_N0207_R010_T20JLL_20190123T173737_cba.TIF
0.0,S2B_MSIL1C_20220303T141729_N0400_R010_T20JLL_20220303T175426_cba.TIF
0.0,S2B_MSIL1C_20200621T141739_N0209_R010_T20JLL_20200621T174305_cba.TIF
0.0,S2B_MSIL1C_20200303T141729_N0209_R010_T20JLL_20200303T173929_cba.TIF
0.0,S2B_MSIL1C_20171015T142029_N0205_R010_T20JLL_20171015T142939_cba.TIF
30.611337663535437,S2A_MSIL1C_20190212T142031_N0207_R010_T20JLL_20190212T185639_cba.TIF
98.52063172033539,S2A_MSIL1C_20220318T141741_N0400_R010_T20JLL_20220318T193227_cba.TIF
0.0,S2B_MSIL1C_20190207T142039_N0207_R010_T20JLL_20190207T192213_cba.TIF
0.0,S2A_MSIL1C_20200825T141741_N0209_R010_T20JLL_20200825T192849_cba.TIF
0.0,S2A_MSIL1C_20211218T141741_N0301_R010_T20JLL_20211218T174420_cba.TIF
24.975545334729446,S2A_MSIL1C_20211029T141741_N0301_R010_T20JLL_20211029T174320_cba.TIF
77.30032395874485,S2B_MSIL1C_20180314T142029_N0206_R010_T20JLL_20180314T192203_cba.TIF
0.0,S2A_MSIL1C_20210830T141741_N0301_R010_T20JLL_20210830T173958_cba.TIF
0.0,S2A_MSIL1C_20211118T141741_N0301_R010_T20JLL_20211118T174114_cba.TIF
0.0,S2B_MSIL1C_20191025T141739_N0208_R010_T20JLL_20191025T173936_cba.TIF
65.56568608430507,S2A_MSIL1C_20200318T141731_N0209_R010_T20JLL_20200318T174124_cba.TIF
0.0,S2A_MSIL1C_20200726T141741_N0209_R010_T20JLL_20200726T185652_cba.TIF
6.200218686636894,S2A_MSIL1C_20190413T142041_N0207_R010_T20JLL_20190413T191911_cba.TIF
12.973522882629975,S2B_MSIL1C_20190418T142049_N0207_R010_T20JLL_20190418T173706_cba.TIF
100.0,S2A_MSIL1C_20190712T142041_N0208_R010_T20JLL_20190712T173848_cba.TIF
0.0,S2B_MSIL1C_20190607T142049_N0207_R010_T20JLL_20190607T173648_cba.TIF
0.0,S2A_MSIL1C_20180806T142041_N0206_R010_T20JLL_20180806T180757_cba.TIF
0.0,S2B_MSIL1C_20191224T141729_N0208_R010_T20JLL_20191224T173810_cba.TIF
0.0,S2B_MSIL1C_20200313T141739_N0209_R010_T20JLL_20200313T173935_cba.TIF
0.0,S2B_MSIL1C_20181119T142039_N0207_R010_T20JLL_20181119T174805_cba.TIF
100.0,S2A_MSIL1C_20190103T142031_N0207_R010_T20JLL_20190103T173738_cba.TIF
0.0,S2B_MSIL1C_20180403T142039_N0206_R010_T20JLL_20180403T191458_cba.TIF
0.0,S2B_MSIL1C_20180103T142029_N0206_R010_T20JLL_20180103T173024_cba.TIF
0.21251718716309756,S2B_MSIL1C_20180910T142029_N0206_R010_T20JLL_20180910T204527_cba.TIF
26.7506870559151,S2A_MSIL1C_20190202T142031_N0207_R010_T20JLL_20190202T173712_cba.TIF
14.380423615714058,S2A_MSIL1C_20210211T141731_N0209_R010_T20JLL_20210211T175137_cba.TIF
0.0,S2A_MSIL1C_20200517T141741_N0209_R010_T20JLL_20200517T174050_cba.TIF
0.0,S2A_MSIL1C_20210522T141741_N0300_R010_T20JLL_20210522T192449_cba.TIF
0.0,S2B_MSIL1C_20180801T142039_N0206_R010_T20JLL_20180801T193928_cba.TIF
0.0,S2A_MSIL1C_20200815T141741_N0209_R010_T20JLL_20200815T175022_cba.TIF
99.92897303559005,S2A_MSIL1C_20210601T141741_N0300_R010_T20JLL_20210601T174640_cba.TIF
0.0,S2A_MSIL1C_20190513T142041_N0207_R010_T20JLL_20190513T174303_cba.TIF
0.0,S2A_MSIL1C_20190821T142041_N0208_R010_T20JLL_20190821T174107_cba.TIF
0.622331497687161,S2A_MSIL1C_20201203T141731_N0209_R010_T20JLL_20201203T174954_cba.TIF
0.11217750728237776,S2B_MSIL1C_20200222T141649_N0209_R010_T20JLL_20200222T173929_cba.TIF
0.0,S2B_MSIL1C_20180212T142029_N0206_R010_T20JLL_20180212T174311_cba.TIF
24.459722966653498,S2B_MSIL1C_20200502T141729_N0209_R010_T20JLL_20200502T173805_cba.TIF
0.0,S2B_MSIL1C_20170816T142039_N0205_R010_T20JLL_20170816T142143_cba.TIF
98.91716762128723,S2A_MSIL1C_20190612T142041_N0207_R010_T20JLL_20190612T173911_cba.TIF
0.0,S2A_MSIL1C_20220107T141741_N0301_R010_T20JLL_20220107T174318_cba.TIF
0.0,S2A_MSIL1C_20180617T142041_N0206_R010_T20JLL_20180617T174335_cba.TIF
92.98749652968452,S2A_MSIL1C_20180707T142041_N0206_R010_T20JLL_20180707T174342_cba.TIF
11.487578032186677,S2B_MSIL1C_20190617T142049_N0207_R010_T20JLL_20190617T173520_cba.TIF
0.0,S2A_MSIL1C_20181214T142031_N0207_R010_T20JLL_20181214T173648_cba.TIF
0.0,S2A_MSIL1C_20220216T141741_N0400_R010_T20JLL_20220216T194809_cba.TIF
0.0,S2A_MSIL1C_20200716T141741_N0209_R010_T20JLL_20200716T174059_cba.TIF
0.0,S2A_MSIL1C_20211128T141741_N0301_R010_T20JLL_20211128T174312_cba.TIF
0.0,S2A_MSIL1C_20180108T142031_N0206_R010_T20JLL_20180108T173838_cba.TIF
0.0,S2B_MSIL1C_20180612T142039_N0206_R010_T20JLL_20180612T173751_cba.TIF
0.0,S2A_MSIL1C_20200805T141741_N0209_R010_T20JLL_20200805T175044_cba.TIF
0.0,S2B_MSIL1C_20200909T141739_N0209_R010_T20JLL_20200909T174401_cba.TIF
98.880824238484,S2A_MSIL1C_20170113T142011_N0204_R010_T20JLL_20170113T142343_cba.TIF
1.6640289920293527,S2B_MSIL1C_20181209T142029_N0207_R010_T20JLL_20181209T185644_cba.TIF
0.0,S2B_MSIL1C_20180222T142029_N0206_R010_T20JLL_20180222T205741_cba.TIF
0.0,S2A_MSIL1C_20220417T141741_N0400_R010_T20JLL_20220417T174100_cba.TIF
100.0,S2B_MSIL1C_20200522T141739_N0209_R010_T20JLL_20200522T193255_cba.TIF
0.0,S2A_MSIL1C_20191219T141731_N0208_R010_T20JLL_20191219T173902_cba.TIF
0.0,S2B_MSIL1C_20210107T141739_N0209_R010_T20JLL_20210107T174755_cba.TIF
0.0,S2A_MSIL1C_20190324T142041_N0207_R010_T20JLL_20190324T205705_cba.TIF
0.0,S2A_MSIL1C_20210412T141731_N0300_R010_T20JLL_20210412T174101_cba.TIF
0.0,S2B_MSIL1C_20180622T142039_N0206_R010_T20JLL_20180622T160555_cba.TIF
0.0,S2A_MSIL1C_20210402T141731_N0300_R010_T20JLL_20210402T175606_cba.TIF
2.539104368142653,S2B_MSIL1C_20180304T142029_N0206_R010_T20JLL_20180304T191354_cba.TIF
58.54172059063243,S2B_MSIL1C_20190329T142039_N0207_R010_T20JLL_20190329T192157_cba.TIF
0.0,S2B_MSIL1C_20190727T142049_N0208_R010_T20JLL_20190727T191443_cba.TIF
10.351240552638638,S2A_MSIL1C_20180925T142031_N0206_R010_T20JLL_20180925T180630_cba.TIF
11.193527025869567,S2A_MSIL1C_20180418T142041_N0206_R010_T20JLL_20180418T174427_cba.TIF
0.0,S2A_MSIL1C_20190801T142041_N0208_R010_T20JLL_20190801T174138_cba.TIF
29.365281061496106,S2A_MSIL1C_20220308T141741_N0400_R010_T20JLL_20220308T175958_cba.TIF
17.739829920484564,S2A_MSIL1C_20170423T142041_N0204_R010_T20JLL_20170423T142038_cba.TIF
0.0,S2A_MSIL1C_20211019T141741_N0301_R010_T20JLL_20211019T192649_cba.TIF
34.55333418828753,S2A_MSIL1C_20210112T141741_N0209_R010_T20JLL_20210112T175055_cba.TIF
0.0,S2B_MSIL1C_20211223T141729_N0301_R010_T20JLL_20211223T174543_cba.TIF
0.01775674110248693,S2B_MSIL1C_20210226T141739_N0209_R010_T20JLL_20210226T175045_cba.TIF
93.29977403215975,S2B_MSIL1C_20201128T141739_N0209_R010_T20JLL_20201128T175040_cba.TIF
0.32582210657896654,S2A_MSIL1C_20190314T142031_N0207_R010_T20JLL_20190314T192144_cba.TIF
0.9498760394700724,S2A_MSIL1C_20201113T141741_N0209_R010_T20JLL_20201113T175045_cba.TIF
25.85037017481308,S2A_MSIL1C_20171129T142031_N0206_R010_T20JLL_20171129T173604_cba.TIF
23.820198433930596,S2B_MSIL1C_20190905T142039_N0208_R010_T20JLL_20190905T160427_cba.TIF
100.0,S2A_MSIL1C_20210201T141741_N0209_R010_T20JLL_20210201T175149_cba.TIF
100.0,S2A_MSIL1C_20191030T141741_N0208_R010_T20JLL_20191030T174232_cba.TIF
0.0,S2A_MSIL1C_20181124T142031_N0207_R010_T20JLL_20181124T173722_cba.TIF
84.09901058624335,S2A_MSIL1C_20170123T142031_N0204_R010_T20JLL_20170123T143010_cba.TIF
0.0,S2A_MSIL1C_20200606T141741_N0209_R010_T20JLL_20200606T174034_cba.TIF
0.0,S2A_MSIL1C_20170314T142031_N0204_R010_T20JLL_20170314T142035_cba.TIF
0.0,S2B_MSIL1C_20190806T142049_N0208_R010_T20JLL_20190806T174019_cba.TIF
0.0,S2B_MSIL1C_20190627T142049_N0207_R010_T20JLL_20190627T173831_cba.TIF
18.003080653654767,S2A_MSIL1C_20220226T141741_N0400_R010_T20JLL_20220226T175601_cba.TIF
89.21014915192771,S2B_MSIL1C_20181030T142039_N0206_R010_T20JLL_20181030T191535_cba.TIF
0.0,S2B_MSIL1C_20190128T142039_N0207_R010_T20JLL_20190128T173951_cba.TIF
0.0,S2A_MSIL1C_20200128T141651_N0208_R010_T20JLL_20200128T173915_cba.TIF
19.22248648553851,S2A_MSIL1C_20210621T141741_N0300_R010_T20JLL_20210621T192555_cba.TIF
92.00481592883023,S2A_MSIL1C_20211228T141741_N0301_R010_T20JLL_20211228T174537_cba.TIF
0.0,S2B_MSIL1C_20210117T141739_N0209_R010_T20JLL_20210117T175104_cba.TIF
52.97340074631551,S2A_MSIL1C_20211208T141731_N0301_R010_T20JLL_20211208T174353_cba.TIF
0.0,S2B_MSIL1C_20190217T142039_N0207_R010_T20JLL_20190217T191849_cba.TIF
0.0,S2A_MSIL1C_20210323T142041_N0209_R010_T20JLL_20210323T174001_cba.TIF
0.0,S2B_MSIL1C_20170925T142029_N0205_R010_T20JLL_20170925T142023_cba.TIF
0.0,S2B_MSIL1C_20211004T141739_N0301_R010_T20JLL_20211004T174440_cba.TIF
0.0,S2A_MSIL1C_20180227T142031_N0206_R010_T20JLL_20180227T192452_cba.TIF
100.0,S2A_MSIL1C_20210721T141741_N0301_R010_T20JLL_20210721T192415_cba.TIF
25.70731410187453,S2B_MSIL1C_20200103T141729_N0208_R010_T20JLL_20200103T173841_cba.TIF
0.054773439485449105,S2B_MSIL1C_20200123T141649_N0208_R010_T20JLL_20200123T173902_cba.TIF
0.0,S2A_MSIL1C_20170222T142031_N0204_R010_T20JLL_20170222T142357_cba.TIF
0.0,S2B_MSIL1C_20201029T141739_N0209_R010_T20JLL_20201029T174854_cba.TIF
0.0,S2B_MSIL1C_20211103T141739_N0301_R010_T20JLL_20211103T174525_cba.TIF
30.789672341151153,S2A_MSIL1C_20220407T141741_N0400_R010_T20JLL_20220407T192249_cba.TIF
69.39376700806899,S2A_MSIL1C_20191109T141741_N0208_R010_T20JLL_20191109T173912_cba.TIF
98.26364438790681,S2B_MSIL1C_20210216T141739_N0209_R010_T20JLL_20210216T175154_cba.TIF
0.0,S2A_MSIL1C_20180309T142031_N0206_R010_T20JLL_20180309T174407_cba.TIF
0.0,S2B_MSIL1C_20211024T141739_N0301_R010_T20JLL_20211024T175006_cba.TIF
0.0,S2A_MSIL1C_20210701T141741_N0301_R010_T20JLL_20210701T174344_cba.TIF
0.0,S2B_MSIL1C_20210805T141739_N0301_R010_T20JLL_20210805T174126_cba.TIF
99.22648566691204,S2B_MSIL1C_20170727T142039_N0205_R010_T20JLL_20170727T142105_cba.TIF
36.22542730877172,S2B_MSIL1C_20201118T141739_N0209_R010_T20JLL_20201118T174816_cba.TIF
0.0,S2B_MSIL1C_20210328T141739_N0209_R010_T20JLL_20210328T174255_cba.TIF
0.0,S2A_MSIL1C_20220328T141741_N0400_R010_T20JLL_20220328T174148_cba.TIF
7.698612046054159,S2B_MSIL1C_20200810T141739_N0209_R010_T20JLL_20200810T174833_cba.TIF
0.0,S2B_MSIL1C_20201208T141739_N0209_R010_T20JLL_20201208T175055_cba.TIF
0.0,S2A_MSIL1C_20181015T142031_N0206_R010_T20JLL_20181015T185654_cba.TIF
0.0,S2A_MSIL1C_20181114T142031_N0207_R010_T20JLL_20181114T175244_cba.TIF
11.953465437850074,S2A_MSIL1C_20210122T141741_N0209_R010_T20JLL_20210122T174152_cba.TIF
0.0,S2B_MSIL1C_20181229T142039_N0207_R010_T20JLL_20181229T173803_cba.TIF
0.0,S2A_MSIL1C_20170602T142041_N0205_R010_T20JLL_20170602T142039_cba.TIF
0.0,S2B_MSIL1C_20170905T142029_N0205_R010_T20JLL_20170905T142743_cba.TIF
0.0,S2A_MSIL1C_20200227T141731_N0209_R010_T20JLL_20200227T175603_cba.TIF
0.0,S2A_MSIL1C_20180128T142031_N0206_R010_T20JLL_20180128T174300_cba.TIF
0.0,S2B_MSIL1C_20190227T142039_N0207_R010_T20JLL_20190227T192206_cba.TIF
0.0,S2A_MSIL1C_20210810T141741_N0301_R010_T20JLL_20210810T173933_cba.TIF
0.0,S2B_MSIL1C_20210527T141739_N0300_R010_T20JLL_20210527T174531_cba.TIF
17.565065381291568,S2A_MSIL1C_20210502T141731_N0300_R010_T20JLL_20210502T180951_cba.TIF
0.0,S2B_MSIL1C_20220323T141739_N0400_R010_T20JLL_20220323T193902_cba.TIF
100.0,S2B_MSIL1C_20180423T142039_N0206_R010_T20JLL_20180423T173953_cba.TIF
9.826492838505885,S2B_MSIL1C_20210417T141729_N0300_R010_T20JLL_20210417T174317_cba.TIF
100.0,S2B_MSIL1C_20190816T142049_N0208_R010_T20JLL_20190816T174312_cba.TIF
0.0,S2B_MSIL1C_20200611T141739_N0209_R010_T20JLL_20200611T173714_cba.TIF
0.0,S2B_MSIL1C_20171114T142029_N0206_R010_T20JLL_20171114T185810_cba.TIF
0.0,S2A_MSIL1C_20200417T141741_N0209_R010_T20JLL_20200417T173808_cba.TIF
